<?xml version='1.0' encoding='utf-8'?>
<!DOCTYPE hibernate-configuration PUBLIC
    "-//Hibernate/Hibernate Configuration DTD//EN"
    "http://www.hibernate.org/dtd/hibernate-configuration-3.0.dtd">

<!-- this file should be used to load mappings -->

<hibernate-configuration>
    <session-factory>
        <property name="dialect">org.hibernate.dialect.MySQL5InnoDBDialect</property>
        <mapping resource="com/cei/kidvisionweb/db/model/Address.hbm.xml"/>
        <mapping resource="com/cei/kidvisionweb/db/model/Answers.hbm.xml"/>
        <mapping resource="com/cei/kidvisionweb/db/model/AuthenticationQuestions.hbm.xml"/>
        <mapping resource="com/cei/kidvisionweb/db/model/AuthenticationUserAnswers.hbm.xml"/>
        <mapping resource="com/cei/kidvisionweb/db/model/Categories.hbm.xml"/>
        <mapping resource="com/cei/kidvisionweb/db/model/Config.hbm.xml"/>
        <mapping resource="com/cei/kidvisionweb/db/model/ModuleCategories.hbm.xml"/>
        <mapping resource="com/cei/kidvisionweb/db/model/ModuleResources.hbm.xml"/>
        <mapping resource="com/cei/kidvisionweb/db/model/Modules.hbm.xml"/>
        <mapping resource="com/cei/kidvisionweb/db/model/OccupationalTitles.hbm.xml"/>
        <mapping resource="com/cei/kidvisionweb/db/model/Questions.hbm.xml"/>
        <mapping resource="com/cei/kidvisionweb/db/model/Registration.hbm.xml"/>
        <mapping resource="com/cei/kidvisionweb/db/model/Registrationtypes.hbm.xml"/>
        <mapping resource="com/cei/kidvisionweb/db/model/Resources.hbm.xml"/>
        <mapping resource="com/cei/kidvisionweb/db/model/ResourceType.hbm.xml"/>
        <mapping resource="com/cei/kidvisionweb/db/model/Roles.hbm.xml"/>
        <mapping resource="com/cei/kidvisionweb/db/model/Sponsors.hbm.xml"/>
        <mapping resource="com/cei/kidvisionweb/db/model/Standards.hbm.xml"/>
        <mapping resource="com/cei/kidvisionweb/db/model/SurveyQuestions.hbm.xml"/>
        <mapping resource="com/cei/kidvisionweb/db/model/SurveyResults.hbm.xml"/>
        <mapping resource="com/cei/kidvisionweb/db/model/UserModuleActivity.hbm.xml"/>
        <mapping resource="com/cei/kidvisionweb/db/model/UserModuleCertificate.hbm.xml"/>
        <mapping resource="com/cei/kidvisionweb/db/model/UserModuleTest.hbm.xml"/>
        <mapping resource="com/cei/kidvisionweb/db/model/UserModuleTestAnswers.hbm.xml"/>
        <mapping resource="com/cei/kidvisionweb/db/model/UserPretestAnswers.hbm.xml"/>
        <mapping resource="com/cei/kidvisionweb/db/model/Users.hbm.xml"/>
        <mapping resource="com/cei/kidvisionweb/db/model/UsersLogin.hbm.xml"/>
        <mapping resource="com/cei/kidvisionweb/db/model/UserSurveyAnswers.hbm.xml"/>
        <mapping resource="com/cei/kidvisionweb/db/model/Videos.hbm.xml"/>
        <mapping resource="com/cei/kidvisionweb/db/model/UserModulePretestAnswers.hbm.xml"/>
        <mapping resource="com/cei/kidvisionweb/db/model/UserModuleSurveyAnswers.hbm.xml"/>
        <mapping resource="com/cei/kidvisionweb/db/model/ModuleSurveyQuestions.hbm.xml"/>
    </session-factory>
</hibernate-configuration>
