<?xml version="1.0" encoding="UTF-8"?>
<beans xmlns="http://www.springframework.org/schema/beans"
	   xmlns:sec="http://www.springframework.org/schema/security"
	   xmlns:xsi="http://www.w3.org/2001/XMLSchema-instance"
             
       xsi:schemaLocation="http://www.springframework.org/schema/beans 
             			   http://www.springframework.org/schema/beans/spring-beans-3.1.xsd
           				   http://www.springframework.org/schema/security 
           				   http://www.springframework.org/schema/security/spring-security-3.2.xsd">

	<sec:global-method-security secured-annotations="enabled" 
								pre-post-annotations="enabled" proxy-target-class="true" />

	<!-- if set use-expressions="true", wrong to use access="ROLE_USER" -->
	<sec:http auto-config="true" use-expressions="true">
		<!-- <sec:intercept-url pattern="/css/**" filters="none"/> 
		<sec:intercept-url pattern="/login.html" access="permitAll" />
		<sec:intercept-url pattern="/index.html" access="permitAll" />
		<sec:intercept-url pattern="/register.html" access="permitAll" />
		<sec:intercept-url pattern="/kidvisionweb/rest/user/**" access="permitAll" />
		<sec:intercept-url pattern="/kidvisionweb/rest/registration/**" access="permitAll" /> -->
		
		
		<!-- <sec:intercept-url pattern="/**" hasRole"Administration" requires-channel="any"/> -->
		<!--  use-expressions="true" multiple intercept-url access roles -->
     	<!-- <sec:intercept-url pattern="/rest/vpk/**" access="hasAnyRole('ROLE_Administration', 'ROLE_User')"/> -->
     	<!-- <sec:intercept-url pattern="/**" access="hasRole('ROLE_Administration')" /> -->
     	<!-- <sec:intercept-url pattern="/rest/vpk/**" access="hasRole('ROLE_User')" /> -->
 
 		<!-- If a form login isn't prompted by an attempt to access a protected resource, the default-target-url option comes into play. This is the URL the user will be taken to after logging in -->
     	<!-- <sec:form-login login-page="/login.html" default-target-url="/index.html" always-use-default-target='true' 
     					login-processing-url="/user/login"/> -->

     	<!-- enable csrf protection <sec:csrf/> -->
     	
     	<sec:session-management invalid-session-url="/index.jsp">
            <sec:concurrency-control error-if-maximum-exceeded="true" max-sessions="1"></sec:concurrency-control>
        </sec:session-management>
		
     </sec:http>
     
     	<!-- authentication manager and password hashing -->
		<sec:authentication-manager alias="authenticationManager">
    		<sec:authentication-provider ref="daoAuthenticationProvider"/>
		</sec:authentication-manager>
 
		<bean id="daoAuthenticationProvider" class="org.springframework.security.authentication.dao.DaoAuthenticationProvider">
    		<property name="userDetailsService" ref="userDetailsService"/>
    		<!--<property name="saltSource">
        		<bean class="org.springframework.security.authentication.dao.ReflectionSaltSource">
            		<property name="userPropertyToUse" value="userName"/>
        		</bean>
    		</property>-->
    		<!--<property name="passwordEncoder" ref="passwordEncoder"/>-->
		</bean>
 
		<bean id="userDetailsService"  name="userAuthenticationProvider" class="com.cei.kidvisionweb.service.impl.LoggedUserDetailsService">
    		
		</bean>

</beans>