<?xml version="1.0" encoding="UTF-8"?>
<beans xmlns="http://www.springframework.org/schema/beans"
       xmlns:xsi="http://www.w3.org/2001/XMLSchema-instance"
       xmlns:aop="http://www.springframework.org/schema/aop"
       xmlns:c="http://www.springframework.org/schema/c"
       xmlns:context="http://www.springframework.org/schema/context"
       xmlns:flow="http://www.springframework.org/schema/webflow-config"
       xmlns:jee="http://www.springframework.org/schema/jee"
       xmlns:jms="http://www.springframework.org/schema/jms"
       xmlns:lang="http://www.springframework.org/schema/lang"
       xmlns:osgi="http://www.springframework.org/schema/osgi"
       xmlns:p="http://www.springframework.org/schema/p"
       xmlns:tx="http://www.springframework.org/schema/tx"
       xmlns:util="http://www.springframework.org/schema/util"
       xmlns:task="http://www.springframework.org/schema/task"

       xsi:schemaLocation="http://www.springframework.org/schema/beans http://www.springframework.org/schema/beans/spring-beans-4.0.xsd
          http://www.springframework.org/schema/aop http://www.springframework.org/schema/aop/spring-aop-4.0.xsd
          http://www.springframework.org/schema/context http://www.springframework.org/schema/context/spring-context-4.0.xsd
          http://www.springframework.org/schema/webflow-config http://www.springframework.org/schema/webflow-config/spring-webflow-config-2.0.xsd
          http://www.springframework.org/schema/jee http://www.springframework.org/schema/jee/spring-jee-4.0.xsd
          http://www.springframework.org/schema/jms http://www.springframework.org/schema/jms/spring-jms-4.0.xsd
          http://www.springframework.org/schema/lang http://www.springframework.org/schema/lang/spring-lang-4.0.xsd
          http://www.springframework.org/schema/osgi http://www.springframework.org/schema/osgi/spring-osgi-1.2.xsd
          http://www.springframework.org/schema/tx http://www.springframework.org/schema/tx/spring-tx-4.0.xsd
          http://www.springframework.org/schema/util http://www.springframework.org/schema/util/spring-util-4.0.xsd
          http://www.springframework.org/schema/task http://www.springframework.org/schema/task/spring-task-4.0.xsd
">

    <context:annotation-config>
    </context:annotation-config>

    <tx:annotation-driven transaction-manager="transactionManager" />   
    
    <task:annotation-driven></task:annotation-driven>
    
    <bean id="emailService" class="com.cei.kidvisionweb.service.util.EmailService">
    </bean>
    <bean id="youTubeAuth" class="com.cei.kidvisionweb.service.util.YoutubeAuth">
    </bean>
    <bean id="videoProcessor" class="com.cei.kidvisionweb.service.util.VideoProcessor">
    </bean>
    <bean id="moduleService" class="com.cei.kidvisionweb.service.impl.ModuleServiceImpl">
    </bean>
    <bean id="adminService" class="com.cei.kidvisionweb.service.impl.AdminServiceImpl">
    </bean>
    <bean id="userService" class="com.cei.kidvisionweb.service.impl.UserServiceImpl">
    </bean>
    <bean id="userLoginService" class="com.cei.kidvisionweb.service.impl.UserLoginServiceImpl">
    </bean>
    
    <bean id="dataSource" class="com.mchange.v2.c3p0.ComboPooledDataSource">
        <property name="driverClass" value="com.mysql.jdbc.Driver"/>
        <property name="jdbcUrl" value="${database.url}"/>
        <property name="user" value="${database.username}"/>
        <property name="password" value="${database.password}"/>
        <property name="minPoolSize" value="10"/>
        <property name="maxPoolSize" value="100"/>
        <property name="maxIdleTime" value="300"/>
        <property name="idleConnectionTestPeriod" value="30"/>
        <property name="preferredTestQuery" value="select 1"/>
    </bean>
    
    <bean id="sessionFactory" class="org.springframework.orm.hibernate4.LocalSessionFactoryBean">
        <property name="dataSource" ref="dataSource"/>
        <property name="configLocation" value="classpath:hibernate.cfg.xml"/>
        <property name="hibernateProperties">
            <value>hibernate.dialect=org.hibernate.dialect.MySQL5Dialect</value>
        </property>
    </bean>

    <bean id="transactionManager" class="org.springframework.orm.hibernate4.HibernateTransactionManager">
        <property name="sessionFactory" ref="sessionFactory"/>
    </bean>
    
    <bean id="addressDao" class="com.cei.kidvisionweb.dao.impl.AddressDaoImpl">
        <property name="sessionFactory" ref="sessionFactory"/>
    </bean>
    <bean id="answersDao" class="com.cei.kidvisionweb.dao.impl.AnswerDaoImpl">
        <property name="sessionFactory" ref="sessionFactory"/>
    </bean>
    <bean id="authenticationQuestionDao" class="com.cei.kidvisionweb.dao.impl.AuthenticationQuestionDaoImpl">
        <property name="sessionFactory" ref="sessionFactory"/>
    </bean>
    <bean id="authenticationUserAnswerDao" class="com.cei.kidvisionweb.dao.impl.AuthenticationUserAnswerDaoImpl">
        <property name="sessionFactory" ref="sessionFactory"/>
    </bean>
    <bean id="categoryDao" class="com.cei.kidvisionweb.dao.impl.CategoryDaoImpl">
        <property name="sessionFactory" ref="sessionFactory"/>
    </bean>
    <bean id="configDao" class="com.cei.kidvisionweb.dao.impl.ConfigDaoImpl">
        <property name="sessionFactory" ref="sessionFactory"/>
    </bean>
    <bean id="moduleCategoryDao" class="com.cei.kidvisionweb.dao.impl.ModuleCategoryDaoImpl">
        <property name="sessionFactory" ref="sessionFactory"/>
    </bean>
    <bean id="resourceDao" class="com.cei.kidvisionweb.dao.impl.ResourceDaoImpl">
        <property name="sessionFactory" ref="sessionFactory"/>
    </bean>
    <bean id="moduleResourceDao" class="com.cei.kidvisionweb.dao.impl.ModuleResourceDaoImpl">
        <property name="sessionFactory" ref="sessionFactory"/>
    </bean>
    <bean id="moduleDao" class="com.cei.kidvisionweb.dao.impl.ModuleDaoImpl">
        <property name="sessionFactory" ref="sessionFactory"/>
    </bean>
    <bean id="occupationalTitleDao" class="com.cei.kidvisionweb.dao.impl.OccupationalTitleDaoImpl">
        <property name="sessionFactory" ref="sessionFactory"/>
    </bean>
    <bean id="questionDao" class="com.cei.kidvisionweb.dao.impl.QuestionDaoImpl">
        <property name="sessionFactory" ref="sessionFactory"/>
    </bean>
    <bean id="registrationDao" class="com.cei.kidvisionweb.dao.impl.RegistrationDaoImpl">
        <property name="sessionFactory" ref="sessionFactory"/>
    </bean>
    <bean id="registrationTypeDao" class="com.cei.kidvisionweb.dao.impl.RegistrationTypeDaoImpl">
        <property name="sessionFactory" ref="sessionFactory"/>
    </bean>
    <bean id="standardDao" class="com.cei.kidvisionweb.dao.impl.StandardDaoImpl">
        <property name="sessionFactory" ref="sessionFactory"/>
    </bean>
    <bean id="surveyResultDao" class="com.cei.kidvisionweb.dao.impl.SurveyResultDaoImpl">
        <property name="sessionFactory" ref="sessionFactory"/>
    </bean>
    <bean id="userDao" class="com.cei.kidvisionweb.dao.impl.UserDaoImpl">
        <property name="sessionFactory" ref="sessionFactory"/>
    </bean>
    <bean id="userModuleActivityDao" class="com.cei.kidvisionweb.dao.impl.UserModuleActivityDaoImpl">
        <property name="sessionFactory" ref="sessionFactory"/>
    </bean>
    <bean id="userModuleCertificateDao" class="com.cei.kidvisionweb.dao.impl.UserModuleCertificateDaoImpl">
        <property name="sessionFactory" ref="sessionFactory"/>
    </bean>
    <bean id="userModuleTestAnswerDao" class="com.cei.kidvisionweb.dao.impl.UserModuleTestAnswerDaoImpl">
        <property name="sessionFactory" ref="sessionFactory"/>
    </bean>
    <bean id="userModuleTestDao" class="com.cei.kidvisionweb.dao.impl.UserModuleTestDaoImpl">
        <property name="sessionFactory" ref="sessionFactory"/>
    </bean>
    <bean id="userPretestAnswerDao" class="com.cei.kidvisionweb.dao.impl.UserPretestAnswerDaoImpl">
        <property name="sessionFactory" ref="sessionFactory"/>
    </bean>
    <bean id="userModulePretestAnswerDao" class="com.cei.kidvisionweb.dao.impl.UserModulePretestAnswerDaoImpl">
        <property name="sessionFactory" ref="sessionFactory"/>
    </bean>
    <bean id="userSurveyAnswerDao" class="com.cei.kidvisionweb.dao.impl.UserSurveyAnswerDaoImpl">
        <property name="sessionFactory" ref="sessionFactory"/>
    </bean>
    <bean id="usersLoginDao" class="com.cei.kidvisionweb.dao.impl.UsersLoginDaoImpl">
        <property name="sessionFactory" ref="sessionFactory"/>
    </bean>
    <bean id="surveyQuestionDao" class="com.cei.kidvisionweb.dao.impl.SurveyQuestionDaoImpl">
        <property name="sessionFactory" ref="sessionFactory"/>
    </bean>
    <bean id="videoDao" class="com.cei.kidvisionweb.dao.impl.VideoDaoImpl">
        <property name="sessionFactory" ref="sessionFactory"/>
    </bean>
    <bean id="userModuleSurveyAnswerDao" class="com.cei.kidvisionweb.dao.impl.UserModuleSurveyAnswerDaoImpl">
        <property name="sessionFactory" ref="sessionFactory"/>
    </bean>
    <bean id="moduleSurveyQuestionDao" class="com.cei.kidvisionweb.dao.impl.ModuleSurveyQuestionDaoImpl">
        <property name="sessionFactory" ref="sessionFactory"/>
    </bean>
</beans>
