<?xml version="1.0"?>
<!DOCTYPE hibernate-mapping PUBLIC "-//Hibernate/Hibernate Mapping DTD 3.0//EN"
"http://www.hibernate.org/dtd/hibernate-mapping-3.0.dtd">
<hibernate-mapping>
    <class name="com.cei.kidvisionweb.db.model.Address" table="address" catalog="kidvisiondb">
        <id name="id" type="java.lang.Integer">
            <column name="id" />
            <generator class="identity" />
        </id>
        <property name="streetAddress" type="string">
            <column name="streetaddress" />
        </property>
        <property name="country" type="string">
            <column name="country" length="45" />
        </property>
        <property name="state" type="string">
            <column name="state" length="45" />
        </property>
        <property name="city" type="string">
            <column name="city" length="45" />
        </property>
        <property name="zipCode" type="string">
            <column name="zipcode" length="45" />
        </property>
        <property name="county" type="string">
            <column name="county" length="45" />
        </property>
    </class>
</hibernate-mapping>
