<?xml version="1.0"?>
<!DOCTYPE hibernate-mapping PUBLIC "-//Hibernate/Hibernate Mapping DTD 3.0//EN"
"http://www.hibernate.org/dtd/hibernate-mapping-3.0.dtd">
<hibernate-mapping>
    <class name="com.cei.kidvisionweb.db.model.Answer" table="answers" catalog="kidvisiondb">
        <id name="id" type="java.lang.Integer">
            <column name="id" />
            <generator class="identity" />
        </id>
        <property name="questionId" type="java.lang.Integer">
            <column name="question_id" />
        </property>
        <property name="answerValue" type="string">
            <column name="answer_value" />
        </property>
        <property name="correct" type="short">
            <column name="correct" not-null="true" />
        </property>
        <property name="sequence" type="java.lang.Integer">
            <column name="sequence" />
        </property>
    </class>
</hibernate-mapping>
