<?xml version="1.0"?>
<!DOCTYPE hibernate-mapping PUBLIC "-//Hibernate/Hibernate Mapping DTD 3.0//EN"
"http://www.hibernate.org/dtd/hibernate-mapping-3.0.dtd">
<hibernate-mapping>
    <class name="com.cei.kidvisionweb.db.model.AuthenticationUserAnswer" table="authentication_user_answers" catalog="kidvisiondb">
        <id name="id" type="java.lang.Integer">
            <column name="id" />
            <generator class="identity" />
        </id>
        <property name="authenticationQuestionId" type="java.lang.Integer">
            <column name="authentication_question_id" />
        </property>
        <property name="answer" type="string">
            <column name="answer" length="100" />
        </property>
        <property name="userId" type="java.lang.Integer">
            <column name="user_id" />
        </property>
        <property name="createdOn" type="timestamp">
            <column name="created_on" length="19" />
        </property>
        <property name="updatedOn" type="timestamp">
            <column name="updated_on" length="19" />
        </property>
    </class>
</hibernate-mapping>
