<?xml version="1.0" encoding="UTF-8"?>
<!DOCTYPE hibernate-mapping PUBLIC "-//Hibernate/Hibernate Mapping DTD 3.0//EN" "http://www.hibernate.org/dtd/hibernate-mapping-3.0.dtd">
<hibernate-mapping>
  <class catalog="kidvisiondb" name="com.cei.kidvisionweb.db.model.Categorie" table="categories">
    <id name="id" type="java.lang.Integer">
      <column name="id"/>
      <generator class="identity"/>
    </id>
    <property name="category" type="string">
      <column name="category"/>
    </property>
    <property name="createdOn" type="timestamp">
      <column length="19" name="created_on"/>
    </property>
    <property name="deleted" type="java.lang.Byte">
      <column name="deleted"/>
    </property>
  </class>
</hibernate-mapping>
