<?xml version="1.0"?>
<!DOCTYPE hibernate-mapping PUBLIC "-//Hibernate/Hibernate Mapping DTD 3.0//EN"
"http://www.hibernate.org/dtd/hibernate-mapping-3.0.dtd">
<hibernate-mapping>
    <class name="com.cei.kidvisionweb.db.model.Config" table="config" catalog="kidvisiondb">
        <id name="id" type="int">
            <column name="id" />
            <generator class="assigned" />
        </id>
        <property name="tmRegistrationAmount" type="big_decimal">
            <column name="tm_registration_amount" precision="10" />
        </property>
        <property name="discountAmount" type="java.lang.Integer">
            <column name="discount_amount" />
        </property>
        <property name="currentSchoolYearFrom" type="timestamp">
            <column name="current_school_year_from" length="19" />
        </property>
        <property name="currentSchoolYearTo" type="timestamp">
            <column name="current_school_year_to" length="19" />
        </property>
    </class>
</hibernate-mapping>
