<?xml version="1.0"?>
<!DOCTYPE hibernate-mapping PUBLIC "-//Hibernate/Hibernate Mapping DTD 3.0//EN"
"http://www.hibernate.org/dtd/hibernate-mapping-3.0.dtd">
<hibernate-mapping>
    <class name="com.cei.kidvisionweb.db.model.Module" table="modules" catalog="kidvisiondb">
        <id name="id" type="java.lang.Integer">
            <column name="id" />
            <generator class="identity" />
        </id>
        <property name="title" type="string">
            <column name="title" not-null="true" />
        </property>
        <property name="shortDescription" type="string">
            <column name="short_description" />
        </property>
        <property name="longDescription" type="string">
            <column name="long_description" />
        </property>
        <property name="pdfLessonPlan" type="string">
            <column name="pdf_lesson_plan" />
        </property>
        <property name="studentAssessmentForm" type="string">
            <column name="student_assessment_form" />
        </property>
        <property name="activityPlan" type="string">
            <column name="activity_plan" />
        </property>
        <property name="coloringWorksheets" type="string">
            <column name="coloring_worksheets" />
        </property>
        <property name="imageFile" type="string">
            <column name="image_file" />
        </property>
        <property name="iconFile" type="string">
            <column name="icon_file" />
        </property>
        <property name="sequence" type="java.lang.Integer">
            <column name="sequence" />
        </property>
        <property name="createdOn" type="timestamp">
            <column name="created_on" length="19" />
        </property>
        <property name="createdbyId" type="java.lang.Integer">
            <column name="createdby_id" />
        </property>
        <property name="updatedOn" type="timestamp">
            <column name="updated_on" length="19" />
        </property>
        <property name="modifiedbyId" type="java.lang.Integer">
            <column name="modifiedby_id" />
        </property>
        <property name="deleted" type="short">
            <column name="deleted" not-null="true" />
        </property>
        <!--  
    1. fetch-”join” = Disable the lazy loading, always load all the collections and entities.
    		Hibernate generated only one select statement, it retrieve all its related collections when the Stock is initialized. -session.get(Stock.class, 114)
	2. fetch-”select” (default) = Lazy load all the collections and entities.  
			Hibernate generated two select statements
				1. Select statement to retrieve the Stock records -session.get(Stock.class, 114)
				2. Select its related collections – sets.iterator()

	3. batch-size=”N” = Fetching up to ‘N’ collections or entities, *Not record*.
	4. fetch-”subselect” = Group its collection into a sub select statement.
			With “subselect” enabled, it will create two select statements.

                                    1. Select statement to retrieve all the Stock records.
                                    2. Select all its related collections in a sub select query.
        -->
        <set name="videos" table="videos" inverse="true" fetch="join">
            <key>
                <column name="module_id" not-null="true" />
            </key>
            <one-to-many class="com.cei.kidvisionweb.db.model.Video" />
        </set>
    </class>
    
    <sql-query name="createModuleFromExistingModule">
		<return alias="module" class="com.cei.kidvisionweb.db.model.Module"/>
		<![CDATA[CALL createModuleFromExistingModule(:created_by_id, :from_module_id, :new_module_title)]]>
    </sql-query>
    
</hibernate-mapping>
