<?xml version="1.0" encoding="UTF-8"?>
<!DOCTYPE hibernate-mapping PUBLIC "-//Hibernate/Hibernate Mapping DTD 3.0//EN" "http://www.hibernate.org/dtd/hibernate-mapping-3.0.dtd">
<hibernate-mapping>
  <class catalog="kidvisiondb" name="com.cei.kidvisionweb.db.model.ModuleCategorie" table="module_categories">
    <id name="id" type="java.lang.Integer">
      <column name="id"/>
      <generator class="identity"/>
    </id>
    <property name="moduleId" type="java.lang.Integer">
      <column name="module_id"/>
    </property>
    <property name="categoryId" type="java.lang.Integer">
      <column name="category_id"/>
    </property>
    <property name="deleted" type="java.lang.Byte">
      <column name="deleted"/>
    </property>
  </class>
</hibernate-mapping>
