<?xml version="1.0" encoding="UTF-8"?>
<!DOCTYPE hibernate-mapping PUBLIC "-//Hibernate/Hibernate Mapping DTD 3.0//EN" "http://www.hibernate.org/dtd/hibernate-mapping-3.0.dtd">
<hibernate-mapping>
  <class catalog="kidvisiondb" name="com.cei.kidvisionweb.db.model.ModuleSurveyQuestion" table="module_survey_questions">
    <id name="id" type="java.lang.Integer">
      <column name="id"/>
      <generator class="identity"/>
    </id>
    <property name="question" type="string">
      <column name="question"/>
    </property>
    <property name="subQuestion" type="string">
      <column name="sub_question"/>
    </property>
    <property name="sequence" type="java.lang.Integer">
      <column name="sequence"/>
    </property>
    <property name="qtype" type="java.lang.Byte">
      <column name="qtype"/>
    </property>
    <property name="deleted" type="java.lang.Byte">
      <column name="deleted"/>
    </property>
    <property name="createdOn" type="timestamp">
      <column length="19" name="created_on"/>
    </property>
    <property name="createdBy" type="java.lang.Integer">
      <column name="created_by"/>
    </property>
    <property name="modifiedOn" type="timestamp">
      <column length="19" name="modified_on"/>
    </property>
    <property name="modifiedBy" type="java.lang.Integer">
      <column name="modified_by"/>
    </property>
  </class>
</hibernate-mapping>
