<?xml version="1.0" encoding="UTF-8"?>
<!DOCTYPE hibernate-mapping PUBLIC "-//Hibernate/Hibernate Mapping DTD 3.0//EN" "http://www.hibernate.org/dtd/hibernate-mapping-3.0.dtd">
<hibernate-mapping>
  <class catalog="kidvisiondb" name="com.cei.kidvisionweb.db.model.OccupationalTitle" table="occupational_titles">
    <id name="id" type="java.lang.Integer">
      <column name="id"/>
      <generator class="identity"/>
    </id>
    <property name="occupationalTitle" type="string">
      <column length="145" name="occupational_title"/>
    </property>
  </class>
</hibernate-mapping>
