<?xml version="1.0"?>
<!DOCTYPE hibernate-mapping PUBLIC "-//Hibernate/Hibernate Mapping DTD 3.0//EN"
"http://www.hibernate.org/dtd/hibernate-mapping-3.0.dtd">
<hibernate-mapping>
    <class name="com.cei.kidvisionweb.db.model.Question" table="questions" catalog="kidvisiondb">
        <id name="id" type="java.lang.Integer">
            <column name="id" />
            <generator class="identity" />
        </id>
        <property name="moduleId" type="java.lang.Integer">
            <column name="module_id" />
        </property>
        <property name="standard" type="string">
            <column name="standard" length="45" />
        </property>
        <property name="standardId" type="java.lang.Integer">
            <column name="standard_id" />
        </property>
        <property name="question" type="string">
            <column name="question" />
        </property>
        <property name="sequence" type="java.lang.Integer">
            <column name="sequence" />
        </property>
        <property name="deleted" type="short">
            <column name="deleted" not-null="true" />
        </property>
        <set name="answers" table="answers" inverse="true" fetch="join">
        <key>
            <column name="question_id" not-null="true" />
        </key>
        <one-to-many class="com.cei.kidvisionweb.db.model.Answer" />
    </set>
    </class>
</hibernate-mapping>
