<?xml version="1.0"?>
<!DOCTYPE hibernate-mapping PUBLIC "-//Hibernate/Hibernate Mapping DTD 3.0//EN"
"http://www.hibernate.org/dtd/hibernate-mapping-3.0.dtd">

<hibernate-mapping>
    <class name="com.cei.kidvisionweb.db.model.RegistrationType" table="registrationtypes" catalog="kidvisiondb">
        <id name="id" type="byte">
            <column name="id" />
            <generator class="assigned" />
        </id>
        <property name="registrationtypeName" type="string">
            <column name="registrationtype_name" length="45" />
        </property>
    </class>
</hibernate-mapping>
