<?xml version="1.0"?>
<!DOCTYPE hibernate-mapping PUBLIC "-//Hibernate/Hibernate Mapping DTD 3.0//EN"
"http://www.hibernate.org/dtd/hibernate-mapping-3.0.dtd">
<hibernate-mapping>
    <class name="com.cei.kidvisionweb.db.model.Registration" table="registration" catalog="kidvisiondb">
        <id name="id" type="java.lang.Integer">
            <column name="id" />
            <generator class="identity" />
        </id>
        <property name="userId" type="java.lang.Integer">
            <column name="user_id" />
        </property>
        <property name="orderDvd" type="java.lang.Byte">
            <column name="order_dvd" />
        </property>
        <property name="fromDatetime" type="timestamp">
            <column name="from_datetime" length="19" />
        </property>
        <property name="toDatetime" type="timestamp">
            <column name="to_datetime" length="19" />
        </property>
        <property name="createdonDatetime" type="timestamp">
            <column name="createdon_datetime" length="19" />
        </property>
        <property name="createdbyId" type="java.lang.Integer">
            <column name="createdby_id" />
        </property>
        <property name="modifiedonDatetime" type="timestamp">
            <column name="modifiedon_datetime" length="19" />
        </property>
        <property name="modifiedbyId" type="java.lang.Integer">
            <column name="modifiedby_id" />
        </property>
        <property name="isActive" type="java.lang.Boolean">
            <column name="is_active" />
        </property>
        <property name="isPaid" type="short">
            <column name="is_paid" not-null="true" />
        </property>
        <property name="cardFullName" type="string">
            <column name="card_full_name" length="255" />
        </property>
        <property name="cardLastFour" type="string">
            <column name="card_last_four" length="10" />
        </property>
        <property name="cardExp" type="string">
            <column name="card_exp" length="10" />
        </property>
        <property name="sagePaymentOrderNumber" type="string">
            <column name="sage_payment_order_number" length="20" />
        </property>
        <property name="sagePaymentReference" type="string">
            <column name="sage_payment_reference" length="20" />
        </property>
        <property name="sagePaymentDatetime" type="timestamp">
            <column name="sage_payment_datetime" length="19" />
        </property>
    </class>
</hibernate-mapping>
