<?xml version="1.0" encoding="UTF-8"?>
<!DOCTYPE hibernate-mapping PUBLIC "-//Hibernate/Hibernate Mapping DTD 3.0//EN" "http://www.hibernate.org/dtd/hibernate-mapping-3.0.dtd">
<hibernate-mapping>
  <class catalog="kidvisiondb" name="com.cei.kidvisionweb.db.model.Resource" table="resources">
    <id name="id" type="java.lang.Integer">
      <column name="id"/>
      <generator class="identity"/>
    </id>
    <property name="typeId" type="java.lang.Integer">
      <column name="type_id"/>
    </property>
    <property name="title" type="string">
      <column length="145" name="title"/>
    </property>
    <property name="shortDescription" type="string">
      <column name="short_description"/>
    </property>
    <property name="resourceUrl" type="string">
      <column name="resource_url"/>
    </property>
    <property name="imageFilePath" type="string">
      <column name="image_file_path"/>
    </property>
    <property name="createdBy" type="java.lang.Integer">
      <column name="created_by"/>
    </property>
    <property name="createdOn" type="timestamp">
      <column length="19" name="created_on"/>
    </property>
    <property name="modifiedBy" type="java.lang.Integer">
      <column name="modified_by"/>
    </property>
    <property name="modifiedOn" type="timestamp">
      <column length="19" name="modified_on"/>
    </property>
    <property name="deleted" type="java.lang.Byte">
      <column name="deleted"/>
    </property>
  </class>
  
  <sql-query name="getModuleResources">
	<return alias="resource" class="com.cei.kidvisionweb.db.model.Resource"/>
	<![CDATA[CALL getModuleResources(:module_id)]]>
  </sql-query>
  
</hibernate-mapping>
