<?xml version="1.0"?>
<!DOCTYPE hibernate-mapping PUBLIC "-//Hibernate/Hibernate Mapping DTD 3.0//EN"
"http://www.hibernate.org/dtd/hibernate-mapping-3.0.dtd">
<hibernate-mapping>
    <class name="com.cei.kidvisionweb.db.model.Standard" table="standards" catalog="kidvisiondb">
        <id name="id" type="java.lang.Integer">
            <column name="id" />
            <generator class="identity" />
        </id>
        <property name="moduleId" type="java.lang.Integer">
            <column name="module_id" />
        </property>
        <property name="title" type="string">
            <column name="title" length="45" />
        </property>
        <property name="description" type="string">
            <column name="description" />
        </property>
        <property name="standardNo" type="java.lang.Integer">
            <column name="standard_no" />
        </property>
    </class>
</hibernate-mapping>
