<?xml version="1.0"?>
<!DOCTYPE hibernate-mapping PUBLIC "-//Hibernate/Hibernate Mapping DTD 3.0//EN"
"http://www.hibernate.org/dtd/hibernate-mapping-3.0.dtd">
<hibernate-mapping>
    <class name="com.cei.kidvisionweb.db.model.SurveyResult" table="survey_results" catalog="kidvisiondb">
        <id name="question" type="int">
            <column name="question" />
            <generator class="assigned" />
        </id>
        <property name="yes" type="java.lang.Integer">
            <column name="yes" />
        </property>
        <property name="no" type="java.lang.Integer">
            <column name="no" />
        </property>
    </class>
</hibernate-mapping>
