<?xml version="1.0"?>
<!DOCTYPE hibernate-mapping PUBLIC "-//Hibernate/Hibernate Mapping DTD 3.0//EN"
"http://www.hibernate.org/dtd/hibernate-mapping-3.0.dtd">
<hibernate-mapping>
    <class name="com.cei.kidvisionweb.db.model.UserModuleActivity" table="user_module_activity" catalog="kidvisiondb">
        <id name="id" type="java.lang.Integer">
            <column name="id" />
            <generator class="identity" />
        </id>
        <property name="userId" type="java.lang.Integer">
            <column name="user_id" />
        </property>
        <property name="moduleId" type="java.lang.Integer">
            <column name="module_id" />
        </property>
        <property name="activityType" type="string">
            <column name="activity_type" length="45" />
        </property>
        <property name="activityName" type="string">
            <column name="activity_name" />
        </property>
        <property name="isCompleted" type="java.lang.Byte">
            <column name="is_completed" />
        </property>
        <property name="startDatetime" type="timestamp">
            <column name="start_datetime" length="19" />
        </property>
        <property name="endDatetime" type="timestamp">
            <column name="end_datetime" length="19" />
        </property>
    </class>
</hibernate-mapping>
