<?xml version="1.0"?>
<!DOCTYPE hibernate-mapping PUBLIC "-//Hibernate/Hibernate Mapping DTD 3.0//EN"
"http://www.hibernate.org/dtd/hibernate-mapping-3.0.dtd">
<hibernate-mapping>
    <class name="com.cei.kidvisionweb.db.model.UserModuleTestAnswer" table="user_module_test_answers" catalog="kidvisiondb">
        <id name="id" type="java.lang.Integer">
            <column name="id" />
            <generator class="identity" />
        </id>
        <property name="userId" type="java.lang.Integer">
            <column name="user_id" />
        </property>
        <property name="userModuleTestId" type="java.lang.Integer">
            <column name="user_module_test_id" />
        </property>
        <property name="questionId" type="java.lang.Integer">
            <column name="question_id" />
        </property>
        <property name="answerId" type="java.lang.Integer">
            <column name="answer_id" />
        </property>
        <property name="createdOn" type="timestamp">
            <column name="created_on" length="19" />
        </property>
    </class>
</hibernate-mapping>
