<?xml version="1.0"?>
<!DOCTYPE hibernate-mapping PUBLIC "-//Hibernate/Hibernate Mapping DTD 3.0//EN"
"http://www.hibernate.org/dtd/hibernate-mapping-3.0.dtd">
<hibernate-mapping>
    <class name="com.cei.kidvisionweb.db.model.User" table="users" catalog="kidvisiondb">
        <id name="id" type="java.lang.Integer">
            <column name="id" />
            <generator class="identity" />
        </id>
        <property name="firstName" type="string">
            <column name="first_name" length="100" not-null="true" />
        </property>
        <property name="lastName" type="string">
            <column name="last_name" length="100" not-null="true" />
        </property>
        <property name="middleName" type="string">
            <column name="middle_name" length="45" />
        </property>
        <property name="userName" type="string">
            <column name="user_name" length="100" not-null="true" />
        </property>
        <property name="password" type="string">
            <column name="password" not-null="true" />
        </property>
        <property name="email" type="string">
            <column name="email" not-null="true" />
        </property>
        <property name="roleId" type="byte">
            <column name="role_id" not-null="true" />
        </property>
        <property name="facilityType" type="string">
            <column name="facility_type" />
        </property>
        <property name="occupationalTitleId" type="java.lang.Integer">
            <column name="occupational_title_id" />
        </property>
        <property name="otherOccupationalTitle" type="string">
            <column name="other_occupational_title" />
        </property>
        <property name="emailNotification" type="java.lang.Boolean">
            <column name="email_notification" />
        </property>
        <property name="phone" type="string">
            <column name="phone" length="45" />
        </property>
        <property name="registrationtypeId" type="java.lang.Byte">
            <column name="registrationtype_id" />
        </property>
        <property name="currentRegistrationId" type="java.lang.Integer">
            <column name="current_registration_id" />
        </property>
        <property name="primaryAddressId" type="java.lang.Integer">
            <column name="primary_address_Id" />
        </property>
        <property name="billingAddressId" type="java.lang.Integer">
            <column name="billing_address_Id" />
        </property>
        <property name="shippingAddressId" type="java.lang.Integer">
            <column name="shipping_address_Id" />
        </property>
        <property name="pretestCompleted" type="java.lang.Byte">
            <column name="pretest_completed" />
        </property>
        <property name="createdOn" type="timestamp">
            <column name="created_on" length="19" />
        </property>
        <property name="updatedOn" type="timestamp">
            <column name="updated_on" length="19" />
        </property>
        <property name="createdbyId" type="java.lang.Integer">
            <column name="createdby_id" />
        </property>
        <property name="updatedbyId" type="java.lang.Integer">
            <column name="updatedby_id" />
        </property>
        <property name="isActive" type="short">
            <column name="is_active" not-null="true" />
        </property>
        <property name="passwordReset" type="short">
            <column name="password_reset" not-null="true" />
        </property>
        <property name="prefix" type="string">
            <column name="prefix" length="5" />
        </property>
        <property name="schoolName" type="string">
            <column name="school_name" length="255" />
        </property>
    </class>
</hibernate-mapping>
