<?xml version="1.0"?>
<!DOCTYPE hibernate-mapping PUBLIC "-//Hibernate/Hibernate Mapping DTD 3.0//EN"
"http://www.hibernate.org/dtd/hibernate-mapping-3.0.dtd">
<hibernate-mapping>
    <class name="com.cei.kidvisionweb.db.model.UserSurveyAnswer" table="user_survey_answers" catalog="kidvisiondb">
        <id name="id" type="java.lang.Integer">
            <column name="id" />
            <generator class="identity" />
        </id>
        <property name="userId" type="java.lang.Integer">
            <column name="user_id" />
        </property>
        <property name="surveyQuestionId" type="java.lang.Integer">
            <column name="survey_question_id" />
        </property>
        <property name="surveyAnswerYesNo" type="java.lang.Byte">
            <column name="survey_answer_yes_no" />
        </property>
        <property name="createdOn" type="timestamp">
            <column name="created_on" length="19" />
        </property>
        <property name="moduleId" type="java.lang.Integer">
            <column name="module_id" />
        </property>
    </class>
</hibernate-mapping>
