<?xml version="1.0"?>
<!DOCTYPE hibernate-mapping PUBLIC "-//Hibernate/Hibernate Mapping DTD 3.0//EN"
"http://www.hibernate.org/dtd/hibernate-mapping-3.0.dtd">
<hibernate-mapping>
    <class name="com.cei.kidvisionweb.db.model.UserModuleCertificate" table="user_module_certificate" catalog="kidvisiondb">
        <id name="id" type="java.lang.Integer">
            <column name="id" />
            <generator class="identity" />
        </id>
        <property name="userId" type="int">
            <column name="user_id" not-null="true" />
        </property>
        <property name="moduleId" type="int">
            <column name="module_id" not-null="true" />
        </property>
        <property name="fileName" type="string">
            <column name="file_name" />
        </property>
        <property name="createdOn" type="timestamp">
            <column name="created_on" length="19" />
        </property>
    </class>
</hibernate-mapping>
