<?xml version="1.0"?>
<!DOCTYPE hibernate-mapping PUBLIC "-//Hibernate/Hibernate Mapping DTD 3.0//EN"
"http://www.hibernate.org/dtd/hibernate-mapping-3.0.dtd">
<hibernate-mapping>
    <class name="com.cei.kidvisionweb.db.model.UserModuleTest" table="user_module_test" catalog="kidvisiondb">
        <id name="id" type="java.lang.Integer">
            <column name="id" />
            <generator class="identity" />
        </id>
        <property name="userId" type="java.lang.Integer">
            <column name="user_id" />
        </property>
        <property name="moduleId" type="java.lang.Integer">
            <column name="module_id" />
        </property>
        <property name="isCompleted" type="java.lang.Byte">
            <column name="is_completed" />
        </property>
        <property name="isPassed" type="java.lang.Byte">
            <column name="is_passed" />
        </property>
        <property name="correctAnswersCount" type="java.lang.Byte">
            <column name="correct_answers_count" />
        </property>
        <property name="totalQuestionCount" type="java.lang.Byte">
            <column name="total_question_count" />
        </property>
        <property name="startedOn" type="timestamp">
            <column name="started_on" length="19" />
        </property>
        <property name="completedOn" type="timestamp">
            <column name="completed_on" length="19" />
        </property>
        <property name="userModuleActivityId" type="java.lang.Integer">
            <column name="user_module_activity_id" />
        </property>
    </class>
    
    <sql-query name="getTranscriptDetails">
    	<return-scalar column="course_id" type="java.lang.Integer"></return-scalar>
    	<return-scalar column="title" type="string"></return-scalar>
    	<return-scalar column="certificate_id" type="java.lang.Integer"></return-scalar>
    	<return-scalar column="date" type="timestamp"></return-scalar>
    	<return-scalar column="s1" type="string"></return-scalar>
    	<return-scalar column="s2" type="string"></return-scalar>
    	<return-scalar column="s3" type="string"></return-scalar>
    	<return-scalar column="s4" type="string"></return-scalar>
		<![CDATA[CALL getTranscriptDetails(:userId, :testYear)]]>
    </sql-query>
    
    <sql-query name="getTranscriptTitles">
        <return-scalar column="user_id" type="java.lang.Integer"></return-scalar>
    	<return-scalar column="test_year" type="java.lang.Integer"></return-scalar>
    	<return-scalar column="test_title" type="string"></return-scalar>
		<![CDATA[CALL getTranscriptTitles(:userId)]]>
    </sql-query>
    
</hibernate-mapping>
