<?xml version="1.0"?>
<!DOCTYPE hibernate-mapping PUBLIC "-//Hibernate/Hibernate Mapping DTD 3.0//EN"
"http://www.hibernate.org/dtd/hibernate-mapping-3.0.dtd">
<hibernate-mapping>
    <class name="com.cei.kidvisionweb.db.model.Video" table="videos" catalog="kidvisiondb">
        <id name="id" type="java.lang.Integer">
            <column name="id" />
            <generator class="identity" />
        </id>
        <property name="moduleId" type="java.lang.Integer">
            <column name="module_id" />
        </property>
        <property name="fileName" type="string">
            <column name="file_name" />
        </property>
        <property name="videoStreamingId" type="string">
            <column name="video_streaming_id" length="145" />
        </property>
        <property name="isOverview" type="short">
            <column name="is_overview" not-null="true" />
        </property>
        <property name="sequence" type="java.lang.Byte">
            <column name="sequence" />
        </property>
        <property name="createdOn" type="timestamp">
            <column name="created_on" length="19" />
        </property>
        <property name="createdbyId" type="java.lang.Integer">
            <column name="createdby_id" />
        </property>
        <property name="videoStreamingTitle" type="string">
            <column name="video_streaming_title" length="145" />
        </property>
    </class>
</hibernate-mapping>
